{"cameraMode":{"drawMode":0,"name":"Shaded","section":"Shading Mode"},"sceneLighting":true,"audioPlay":false,"sceneViewState":{"m_AlwaysRefresh":false,"showFog":true,"showSkybox":true,"showFlares":true,"showImageEffects":true,"showParticleSystems":true,"showVisualEffectGraphs":true,"m_FxEnabled":true},"in2DMode":false,"pivot":{"x":0.013415493071079255,"y":0.11019143462181092,"z":0.013023123145103455},"rotation":{"x":-0.09828545898199082,"y":0.8845804333686829,"z":-0.21676188707351685,"w":-0.4010915458202362},"size":2.2351441383361818,"orthographic":false}